Kita terhibur adanya 3a clan nah this engikut academi ulti nolan skrang udah dpt hasil bitcoinnya?,,,,,,,
lebih berguna timothy dari pada artisÂ² yg sring nongol di tiktok terutama reza arabğŸ˜‚,,,,,,,
"Bedakan yg mana duduk"" ngemis dan mana yg duduk"" uang masuk",,,,,,,
2 vs squad nyatanya sekarang yang menguasai fyp si bro timğŸ¤­,,,,,,,
serius nanya 3a clan itu apa,,,,,,,
yang satu disawer viwer yang satu nyawer viwer sebuah perbedaan,,,,,,,
wkwk yakali bro tim dibandingin sama pengemis,,,,,,,
semua org di katain anj sma timotyğŸ—¿,,,,,,,
"1 jam 1,5Miliar vs 1 bulan 150jt beda jauh ğŸ˜‚ğŸ˜‚ğŸ˜‚",,,,,,,
Timothy masih kesel ma influencer perkara kopi 60 ribuğŸ—¿,,,,,,,
"gw jadi inget kata"" bang windah, kalau lu udah terkenal dan punya nama ngapain Live streaming buka link saweria kalau tujuan nya buat minta dukungan / suport, itu sama aja kaya ngemis terkecuali para pemula",,,,,,,
sales vs reza arabğŸ—¿,,,,,,,
1 hasil ngemis 1 hasil dari jualan pomade tingal pilih sendiri lah ğŸ—¿,,,,,,,
Tanpa kelas bisa apani orang,,,,,,,
"mau tidur malah ke inget kata kata ini "" negara eropa negara termiskin"" ğŸ—¿",,,,,,,
hindari akun akun berlogo nolaaan,,,,,,,
aloy ngakak liat vt ini di#1 tt ytp ig twt,,,,,,,
"lebih seruuu ngeliat motivasi untuk pembelajaran kedepanya, karena di 2030 gen z banyak yang kayaÂ² kalo gak mulai dari sekarang mau dari kapan, 3clan okelah buat hiburan tapi untuk sekarang lebih memilih untuk belajar mendapatkan uang 2digit dalam 1blan, bukan dari ngemisğŸ˜‚",,,,,,,
2 vs squad,,,,,,,
bedain pemburu sama penghibur yaaa,,,,,,,
Uciha madara dan obito vs satu konohağŸ˜¬,,,,,,,
bedain penghibur sama edukasi,,,,,,,
kyknya bakal seru ni drama nya ğŸ˜,,,,,,,
2 vs Squad ğŸ”¥ seru ini,,,,,,,
yg nyawer di senggol sama yg di sawerğŸ˜¹,,,,,,,
knapa Timothy nyenggol dluan .pdhal dia gak disenggol SMA skali,,,,,,,
tapi jujur orang yang berduit kalah dengan orang yang berkarya,,,,,,,
2 vs squad yg bakal meng obok obok,,,,,,,
manfaat nonton live streaming yutub apağŸ—¿ ngemis sawerr?ğŸ—¿,,,,,,,
penasaran ending nya bakal ngapain paling cuma debat kusir,,,,,,,
buset investor dicompare sama pengemis...,,,,,,,
duo vs allğŸ˜ˆ,,,,,,,
DAMN,,,,,,,
gmna klo aplikasi ke gitu di blokir ğŸ—¿,,,,,,,
orang yg sering NYAWER VIEWERnya vs orang yg sering DISAWER VIEWERnya ğŸ”¥ğŸ”¥ğŸ”¥,,,,,,,
"Gw Sih Netral Aja, Yg Penting Ambil Sisi Positifnya Aja Dari Kedua Belah Pihak.",,,,,,,
kalian lebih milih liat live mana? live baca saweria atau live yang bermanfaat,,,,,,,
"g bakal bisa si arab ngejar timotyğŸ˜¹, baru timoty belum seluruh member AC digabungğŸ—¿",,,,,,,
mau nyenggol owner mclaren senağŸ˜‚ yg bner aja arabğŸ˜‚...,,,,,,,
aku penguasa bocil cryptoğŸ˜ˆğŸ˜ˆğŸ˜ˆ,,,,,,,
yang terakhir ciri ciri lembur ğŸ—¿,,,,,,,
"gw suka yg kucing oi oi, dia baik kelihatannya",,,,,,,
kenapa orang yang dag kerja disini pindah kalo kek nyaman giru,,,,,,,
pizza di meja kami curigağŸ—¿,,,,,,,
"for reaall dari jam 15:00 udh ngomongin pulang ke blok m, m bloc, senayan ehh jam 17:00 dapet makanan gratis ğŸ˜‚",,,,,,,
kantin kejujuran gak tuh ğŸ˜‚,,,,,,,
kantor aku deket banget sama blok MğŸ¤£ ampe bosen ke sana,,,,,,,
"Gue trauma kalo kerja pke laptop soalnya di kantor gue yg dulu pke laptop, laptop nya suka error+laptop jadul pulak ğŸ˜­ğŸ˜­ğŸ˜­",,,,,,,
ga jadi ke blok M sedihnyağŸ˜­ğŸ¤£,,,,,,,
"ane malah udh pernah di korporet besar, sekelas japfa 4 taun, pengen nyari kedamaian di korporet kecilğŸ˜‚",,,,,,,
Semoga aku jg bisa ngerasain kerja di big corporate ğŸ˜­,,,,,,,
Tanpa sadar ini adalah iklan gopay,,,,,,,
ada pizza. gajadi block m. oh mau lembur mrk,,,,,,,
iklan yg ditonton sampe abisğŸ—¿,,,,,,,
kapan ya gw bisa masuk big corporateğŸ˜­ğŸ˜­,,,,,,,
kantin kejujuran ğŸ¤£ğŸ¤£,,,,,,,
Selalu lucu banget dah liat meme kucing iniğŸ¤£ğŸ¤£,,,,,,,
In the end ga jd ke blok MğŸ¤£ğŸ¤£,,,,,,,
Mendadak ada makanan = LemburğŸ˜­ğŸ˜­ğŸ˜­,,,,,,,
sepertinya enak ya perusahaan gede gitu,,,,,,,
biasa .. ada yg datang pasti ada yg pergi,,,,,,,
manifestasi dapat kantor kayak gini ğŸ˜‚ğŸ™,,,,,,,
"rill anjir, aga shock ğŸ˜­",,,,,,,
Relate semua,,,,,,,
KANTIN KEJUJURANğŸ˜­,,,,,,,
Bzirr gua begini juga kali yaa,,,,,,,
team kantor di pluit.. hangout di PIK dan lawan di jalan Transformer ğŸ« ğŸ« ,,,,,,,
revisi gk semua corporation besar bgtu.. sikut sikutan nya keras,,,,,,,
yang terakhir lembur ğŸ˜­,,,,,,,
wkwkwk j2 prime,,,,,,,
pizza = lembur ğŸ™‚,,,,,,,
Pengen kerja giniğŸ˜­,,,,,,,
"yah gk jadi ke blok m, bahkan bsk gk ktm lg ğŸ˜­",,,,,,,
hahahahahahaahahahhaha,,,,,,,
kantin kejujuranğŸ˜­ğŸ˜­,,,,,,,
"pizza 1 meter / Dunkin Donat sekotak pertanda sedang tidak baikÂ² saja, bukan di bandar makan gratis. ritual itu ğŸ—¿",,,,,,,
wkwk tapi mmg bnyk yg salah sih dulu gua kira sales dan marketing itu satu divisi juga ternyata bedağŸ˜‚,,,,,,,
wkwkwkkwğŸ’€ğŸ’€ğŸ’€,,,,,,,
"gw yg kebalikannya. dari big company, ke small company. semua ribet njir, beberapa pake manual sistemnya, dan gak instan klo mau narik data. pindah karna udah gak cocok sama atasan, trus dapat tawaran dari kompetitor yg cukup oke gaji dan posisinya",,,,,,,
"that ""kantin kejujurna"" ğŸ˜‚ğŸ˜‚",,,,,,,
kalo lembur pizza nya 1 meter itu tandanya ada yang salah di kantor itu,,,,,,,
STRESS SEMUA STRESSâ˜º,,,,,,,
bukannya dontol dah di makan dang dang nasi Padang,,,,,,,
semua ğŸ¤£ğŸ˜‚ğŸ¤£ğŸ˜‚,,,,,,,
semuanya ğŸ¤­ğŸ’…ğŸ»,,,,,,,
gw mau pamer gw kgk sekolahğŸ¤­ğŸ¤­ğŸ¤­ğŸ¤­,,,,,,,
balerina capucina jadi balerina extrajos,,,,,,,
list org yg waras -aku UDAHH YAAA GA CUKUP,,,,,,,
balerina cappucina âŒï¸balerina jos jos jos ğŸ˜­,,,,,,,
KAMI DARI 27 BULAN MEI ğŸ”¥ğŸ”¥,,,,,,,
Antimo,,,,,,,
kami Darii... 27 bln meiğŸ¤­ğŸ˜”,,,,,,,
ga cocok tung tung sahur jadi suami ballerina capucina,,,,,,,
sejak kapan ballerina cappucina suami nya tung tung sahur ğŸ˜¹ğŸ˜¹,,,,,,,
kenapa harus plih satu kalo bisa pilih semuağŸ—¿,,,,,,,
Bisa Liat story Gw Gak,,,,,,,
setress,,,,,,,
"p, KaMi DaRi 27 BuLaN mEiIiI~~ğŸ‘¹ğŸ˜ˆğŸ¤˜ğŸ»ğŸ¤˜ğŸ»",,,,,,,
antimoo,,,,,,,
kami dari 27 bulan mei,,,,,,,
antimo,,,,,,,
kami dari 27 bulan MeiğŸ˜¹ğŸ—¿,,,,,,,
game name plis,,,,,,,
semua aj supaya si Adit ngga ke gangguğŸ˜‚,,,,,,,
tanpa kalian sadari ternyata pasangan balerina capuccina itu banyak banget,,,,,,,
es Antimo,,,,,,,
SINI AKU BACKK SEMUA AFFILIATE TIKTOKâ€¼ï¸ğŸ‘‡ğŸ»AMANAH ğŸ’¯ğŸ’¯ğŸ”¥ğŸ”¥ğŸ™ğŸ™,,,,,,,
es antimo satu galon,,,,,,,
plis dehğŸ˜­ğŸ˜­ğŸ˜­,,,,,,,
penasaran sama admin ya buat akun iniğŸ˜…,,,,,,,
dit tolongin dit ğŸ˜‚,,,,,,,
KAMI DARI 27 BULAN MEI~~,,,,,,,
Gini amat fyp gua,,,,,,,
antimo dontol,,,,,,,
Antimo,,,,,,,
"btw, kAMi DArI 27 buLAn MeI~ğŸ‘¹ğŸ˜ˆğŸ¤ŸğŸ¤Ÿ",,,,,,,
kalo aku sih antimo aja tp takut bgt dibangunin tungtungtung sahur,,,,,,,
stress gue stress nonton ginian sampe abisğŸ˜Œ,,,,,,,
kalo bisa semua kanapa cuma satu,,,,,,,
"P, KAMI DARI 27 BULAN ~ ~ğŸ‘¹ğŸ˜ˆğŸ¤˜ğŸ»ğŸ¤˜ğŸ»",,,,,,,
SEMUA NYAAAAA,,,,,,,
balerina extra jossa,,,,,,,
es detol,,,,,,,
menuru. aku. yang. ke3ğŸ¤£ğŸ¤£,,,,,,,
antimo,,,,,,,
mampir VT terbaru+like ğŸ¥°,,,,,,,
cara buat nya gimana sih,,,,,,,
semu aja kak pelisss pelisss,,,,,,,
antimo rasa jeruk kah?,,,,,,,
kami dari 27 bulan mei ğŸ˜ˆğŸ¤­ğŸ˜ˆğŸ¤­,,,,,,,
cape bgtğŸ˜­,,,,,,,
semuanya ğŸ¤­ğŸ¤­,,,,,,,
"P, KAMI DARI 27 BULAN ~ ~ğŸ‘¹ğŸ˜ˆğŸ¤˜ğŸ»ğŸ¤˜ğŸ»",,,,,,,
nomer 3,,,,,,,
antimo,,,,,,,
semuanya gk sih? ğŸ—¿,,,,,,,
aku milih es diabetes,,,,,,,
es antimo 1 galon,,,,,,,
antimo dontol,,,,,,,
KAMI DARI 27 BULAN MEIğŸ¤­ğŸ”¥ğŸ”¥,,,,,,,
antimo dontol,,,,,,,
adriana aduh gantengnya,,,,,,,
yg berperan sbg perempuan yg mana? ğŸ™,,,,,,,
back to critical content plsğŸ˜”,,,,,,,
agak sakit gak sihğŸ˜Œ,,,,,,,
tebak suara kentut ğŸ™,,,,,,,
"udh jgn dihujat gaiss, doain aja yg terbaik buat keduanya... cepet dapet momongan contohnyağŸ™ğŸ¤Ÿ",,,,,,,
hanya iman yang bisa memberhentikan Ini semuaa,,,,,,,
obok obok min,,,,,,,
pacar nya ya ka ğŸ¤­,,,,,,,
Buset.. langsung debut aja..,,,,,,,
Ganteng yang belakang ğŸ˜,,,,,,,
"haii kak bim, sehat & bahagia selalu yağŸ˜˜",,,,,,,
sepertinya beliau top,,,,,,,
tebak suara kentut yağŸ¤£,,,,,,,
hanya ambayen yg bisa memisahkanğŸ¤£,,,,,,,
"Kritik tuh pemerintah,dll bukannya mlh kritik org kaya gni,ga ngasilin apa"" yg ada bima untung.",,,,,,,
lu beda kelasss boss ama timothy ronaldğŸ¤ªğŸ™„,,,,,,,
"kalo tiba2 mau kentut, stop dulu apa lanjut aja bim? serius nanya pake nada santun",,,,,,,
bu sri udah tau dari awal ya bim?,,,,,,,
sabar ya azrilğŸ˜¹,,,,,,,
"kalo mau kentut, tahan dulu apa lanjut aja bim? serius nanya pake nada santun",,,,,,,
kamu salah tp kamu ga mau salah.. kamu sakit tp kamu tidak mau di anggap sakit. menurut mu itu normal.. kamu belum paham itu..,,,,,,,
ngekritik pemerintah dia gaskan dikritik dia tak mauğŸ˜¹,,,,,,,
gamau salah anjirrr,,,,,,,
BUZZEER??? KAK INI YANG KOMEN MANUSIA ASLI LOH NGGAK DIBAYAR MEREKA CUMA KASIH TAUğŸ˜­ğŸ˜­,,,,,,,
org begini selalu ngerasa dirinya bener,,,,,,,
tidak ad pembenaran sedikitpun.,,,,,,,
"gua setuju banget ,sama yg komentar",,,,,,,
"ngritik pemerintah kek albert einstein, ngritik pemikiran sendiri kek ğŸ¤“, welcome to indonesia",,,,,,,
"Lu itu nyari pembelaan, makannya lu ngeritik pemerintah",,,,,,,
"buat yg masih normal, gua saranin jgn sering kumpul sama temen kalian yg menyimpang apalagi ikut nongki aja sma lebih bnyk lg sma mereka. itu bakal mempengaruhi kalian sdkit banyaknya. lingkungan sebepengaruh itu.",,,,,,,
"diri beliau... kritik gubernur Lampung, okelah kritik pemerintah Indonesia, oke masukan dia bagus. kritik diri dia gai, dia ga terima ğŸ¤£ğŸ¤£",,,,,,,
"sekarang saya paham, knp masku slalu bilang kebebasan yang terlalu bebas bukanlah suatu yang baik",,,,,,,
tapi tidak utk di edukasikan tw seperti di siarkan....because makin banyak org yg berani dgn penyimpangan.....dan menentang agama kita sendiri....,,,,,,,
Stres,,,,,,,
"Yaampun apapun pembahasanya knp dy sering ngomong pngangguran, emg dy sesukses apa si, org yg gak nganggur aja msih ati2ngomong",,,,,,,
sakitt !!!!,,,,,,,
"Kak, tolong berhati2lah ğŸ¥º Percayalah, byk pasiennku LSL & kena sakit **v. Pusing bgt kepalaku krna skrg stok obatnya lg susah2nya ğŸ˜­",,,,,,,
kasian bgt sri pasti sedih bgt ğŸ˜­ğŸ˜­ğŸ˜­,,,,,,,
"lebih cocok lu yang jadi pemerintah, sama sama otoriter, gamau di kritik sama orang lain ğŸ˜‚ğŸ˜‚",,,,,,,Wed May 28 2025 01:26:28 GMT+0800 (Singapore Standard Time)
di twitter isinya ujaran kebencian semua,,,,,,,
X itu ibaratnya aplikasi penjara paling kejamğŸ˜­,,,,,,,
semuanya dipermasalahin emangğŸ˜ƒ,,,,,,,
tapi gw suka sih main twitter lebih seru aja kalo pada ribut wkkw di tiktok orangnya lebih nurut sama opini populer.. di twitter sebagus apapun opinimu tetap ada celah buat jadi keributanğŸ¤£,,,,,,,
twiter tu isinya org darah tinggi semua kah,,,,,,,
seru bgt jirr masuk komunitas marah marahğŸ˜­,,,,,,,
TAPI X TUH SERU BGT!!! baru buka dikit udh penuh ghibahanğŸ˜­ğŸ˜­ğŸ˜­,,,,,,,
"twitter gua, ijazah ijazah ijazahh. uda gede masih aja mikirin hal ga penting ğŸ˜­",,,,,,,
ril aplikasi sabung ayam ğŸ˜­,,,,,,,
baru buka twitter langsung disambut komunitas marah marah ğŸ˜”,,,,,,,
sec acc ig ketahuan:ok ok ok sec acc tt ketahuan:ok ok ok sec acc TWITTER KETAHUAN!!: HANCUR BUMI INI SUDAHğŸ˜­,,,,,,,
di twitter tuh bahkan cuma nanya outfit cocok atau engga malah di saltyin anjay ğŸ˜­ğŸ˜­,,,,,,,
apalagi chudai,,,,,,,
sarang anak abah ituğŸ¤£,,,,,,,
Twitter gw isinya kok bedağŸ—¿,,,,,,,
Di mata warga x semua pejabat gak ada yang bener kecuali Anis ğŸ˜¹,,,,,,,
"x gua isinya ko cuma mandarin semua trus ada chudai"" gitu ko beda ya?",,,,,,,
"loh, chudainya mana?",,,,,,,
"ga berani komen apa"" di twitter takut di rujak ntar ğŸ˜­ğŸ˜­",,,,,,,
"apalagi di "" Komunitas Marah-Marah "" ğŸ—¿",,,,,,,
x itu ibaratnya aplikasi penjara paling kejamğŸ˜­,,,,,,,
itu balik buat pamer apa gimana,,,,,,,
tidak di cari datang kembaliğŸ˜­ğŸ˜­ğŸ˜­,,,,,,,
NANTANGINğŸ˜­ğŸ˜­ğŸ˜­,,,,,,,
ngapain mbalik lg anj cape bgtğŸ˜­ğŸ™ğŸ»,,,,,,,
recal recal di base musuh jrğŸ˜­ğŸ˜­ğŸ˜­,,,,,,,
"ktkiiii21 di pencarian,Apakah itu orang nyağŸ˜­",,,,,,,
ga espek bakal balik lagiiiğŸ˜­,,,,,,,
gapernah se ngakak ini liat cctvğŸ˜­ğŸ’”,,,,,,,
"gue bukan maling aja ngerti, lo ngapain pakek lewat lagi sihğŸ˜­ğŸ˜­",,,,,,,
kasian bayinya diajak malingğŸ˜­,,,,,,,
EDITORNYA PLSğŸ˜­ğŸ˜­,,,,,,,
who the hell the editor? this is masterpieceğŸ˜­ğŸ˜­ğŸ™ğŸ¼,,,,,,,
blom dikejar mknya balik lagiğŸ˜­,,,,,,,
mana cup sealer doang anjjjğŸ˜­ğŸ˜­ğŸ˜­,,,,,,,
NGAKAK BGT ANJJ MALAH BALIK LGIğŸ˜­ğŸ˜­,,,,,,,
Pas dia balik lg itu bukan kejadian pas dia ngambil tapi udh beberapa harinya dia lewat situ lagi dan warga tuh udah ngenalin maling nya lewat cctv jadi pas lewat dikenalin warga liat aja baju bini sama celana lakinya beda,,,,,,,
aura anak abahnya kuat banget,,,,,,,
Recall recall base musuh,,,,,,,
ngejer maling ampe tercepot-cepot sandal pun menyerah ğŸ˜­,,,,,,,
lu ngapain balek anj ğŸ˜­,,,,,,,
ngapain balik lagi anjğŸ˜­ğŸ˜­ğŸ˜­,,,,,,,
maluuu. boikot FIFGROUP,,,,,,,
"""Mahasiswa hukum kehilangan hukum nya"" ""Mahasiswa Ekonomi Membeli Hukum dengan Ekonomi nya"" #JusticeForArgo",,,,,,,
barusan liat cctv kejadian tkp argo di akunnya nabilazoom1 ga tega bgt liatnyağŸ˜­,,,,,,,
kita pake sanksi sosial kalo masih ga ngaruh gess,,,,,,,
duhh kalau kek gini waktunya netizen panggil Hotman Paris buat nanganin,,,,,,,
"mobil vs motor, mau benr salah ttp mobil yg dsalahkn, dlm kasus ini smpi pelaku g dthan y wajib dpertnyakn ats dasarnya apa",,,,,,,
SANKSI SOSIAL SEKARANG KALO HUKUM GA MAJU CEPET,,,,,,,
ayo buktikan kekuatan netizen,,,,,,,
buat mama argo peluk jauh. bunda memang susah dpat ke adilan di Konoha namun percaya lah keadilan dari tuhan itu nyata tidak akan di manipulasi.,,,,,,,
mukanya 'papa tolongin' 'papa urus ya' 'papa bantuin' bgt wkwk,,,,,,,
bahkan anak hukum kalah sama hukum negaranya sendiri#justiceforargo,,,,,,,
"@zi4n.nubagja: ""anak hukum dikhianati oleh hukum itu sendiri."" #justiceforargo",,,,,,,
berarti lawyer ada yg membela yg salah ya?,,,,,,,
semoga engkau mendapatkan keadilan ya nak argo,,,,,,,
"""mahasiswa hukum kehilangan hukumnya!"" ""mahasiswa ekonomi membeli hukum dengan ekonominya! "" tenang di surga argo! #JusticeForArgo",,,,,,,
lawyer ap?,,,,,,,
"KEADILAN BAGI SELURUH RAKYAT INDONESIA,BERGUNA GA SKRG?",,,,,,,
"Ketika kuasa membungkam proses hukum, publik harus bersuara lebih lantang #JusticeForArgo",,,,,,,
Mau liat laywrr dengan the power netizen indo,,,,,,,
hukum di indoo gini bngt???,,,,,,,
seketika akun erlysaa rameğŸ—¿,,,,,,,
berasa first date bukan ngontenğŸ˜­,,,,,,,
"berarti klau cwek cantik pake Dear Up ya mas, klau cewek jelek pake bore upp ğŸ˜",,,,,,,
"ouh gitu,oke erlysa aku mundur",,,,,,,
"ga ekspek bngett kenalan, jalan jlan, di teraktir, di gombalin, sayang sayangan, di suapinğŸ˜­ğŸ—¿",,,,,,,
dari banyaknya cewekÂ² yg di temuin baru kali ini yg paling cocokğŸ™ğŸ¤§,,,,,,,
aura sarjana nya kuat bangetğŸ™ğŸ»ğŸ˜­,,,,,,,
dear up parfum kek mana sih.. mak2 ketinggalan berita ğŸ˜‚,,,,,,,
Dear up...judulnya A7X nih,,,,,,,
aku dear up lunar light ğŸ”¥ğŸ”¥ğŸ”¥ğŸ”¥ğŸ”¥,,,,,,,
"thank u ka rofi traktirannyaaa, wah part 2 mau nonton apa ya wkwğŸ¤©ğŸ™ŒğŸ»",,,,,,,
suka nya neraktir yg cantikÂ² pilihÂ² jg ternyata ğŸ˜‚,,,,,,,
Sama nih aku pake parfum Dearup yg lunar light wangi puolllğŸ”¥,,,,,,,
Real Dear up varian ( lunar light )baju 3 hari digantungpun masih nempel loh wanginya gw bukan buzerr gw pake asli!!,,,,,,,
"padahal niat gua mau belajar, malah buka tiktok",,,,,,,
"jujur yg nonton kak rafii & kak erlysaa pasti senyum""ğŸ˜Š",,,,,,,
diliat liat mereka ini langsung cocok gasiğŸ˜­ğŸ˜­,,,,,,,
pas gue liat profil nya semua cewe diginiin ğŸ¤£,,,,,,,
walid nak erlysa boleh? â˜ºï¸,,,,,,,
"Dear up, aku pake yg lunar light wangi nya tahan lama bgtğŸ”¥ğŸ”¥ğŸ”¥",,,,,,,
gloriosa di nerf parah jir ğŸ—¿,,,,,,,
Dan semua legenda berkumpul di situ gegara seorang anomali bernama â€œGinnyâ€ğŸ—¿,,,,,,,
TOP GLOBAL SEMUA JIRğŸ˜­,,,,,,,
sok kuat semua dibentak rocks D xebec pada ciut ğŸ˜…ğŸ˜…tuuu hhhh,,,,,,,
"ini harusnya dibikin movie engga sih, pasti keren parah ğŸ˜‚ğŸ¤£",,,,,,,
kong:ke god valey sono garp:malas kong:ada roger garp:serlok,,,,,,,
"Gmna gak hancur pulaunya , pngguna haki raja smua",,,,,,,
bajak laut rocks pada opÂ² jir cuman gak kompak ajağŸ˜‚,,,,,,,
bjir ada bogard cuyy,,,,,,,
tempat nongkrong nya para legenda anjirr,,,,,,,
muka gloriosa muda kek nami banget njir ğŸ¤£,,,,,,,
god valley asik kayaknya kalo di jadiin movie,,,,,,,
"Semua punya agenda masing2 ğŸ˜‚ Rocks nyari df, roger nyari rocks, sdngkan garp nyari rogerğŸ˜‚",,,,,,,
si kaido disini kyk anak magang njirğŸ˜‚,,,,,,,
"3 kubu dengan masing masing leader mewarisi will of D, Gol D Roger, Monkey D Garp, Rocks D Xebec",,,,,,,
kaido ketar ketir sama Roger,,,,,,,
"tau ga sih,, jika linlin telat sedikit aja,, yg makan buah iblis kaido adalah ivankov ğŸ˜­ğŸ—¿ğŸ—¿ğŸ—¿",,,,,,,
stussy gw cok,,,,,,,
Nggak Ada Keroco Di Eps ini ğŸ’€,,,,,,,
"noh lihat percakapan terakhir.. rocks bilang apaan, jadi lu semua beranggapan roger di bantu garp? jangan men dewa dewa kan garpğŸ˜‚",,,,,,,
ini kalo jadi movie pasti keren parah,,,,,,,
bener bener ganta bikin flashback sm era sakayuv â˜¹ï¸â˜¹ï¸,,,,,,,
"obat kangen sakayuv ya ganta ğŸ¥º,sakayuv kemana yaa",,,,,,,
Ganta skin lu banyak bangetğŸ˜­,,,,,,,
Ganta âŒ Ganti âœ…,,,,,,,
The real CONTENT CREATOR!,,,,,,,
keburu imsak njirt ğŸ˜”ğŸ˜­,,,,,,,
keluar semua emote ganta wkwk..,,,,,,,
"Gue yg ngira ini adalah iklan ,saking bagusnyaaağŸ˜­â¤ï¸",,,,,,,
GantaâŒ Gangguâœ…,,,,,,,
perkara numpang sahurrr ğŸ˜­ğŸ˜­ğŸ˜­,,,,,,,
Ada yang tau keberadaan sakayuv ?,,,,,,,
WKWJWKW LUCUU,,,,,,,
skin ganta banyak betğŸ˜­,,,,,,,
sakayuv kemana?ğŸ˜‚,,,,,,,
ganta dngan 1000 skinnyağŸ˜­,,,,,,,
gakuat bgt pas bahasaa kambingğŸ˜­ğŸ˜­ğŸ˜­,,,,,,,
apa tadi bilang apa? TERLALU GANTENG? ğŸ’€,,,,,,,
Menjiwaiâ Memang jiwanyaâœ…ğŸ˜­ğŸ˜­,,,,,,,
"pencarian gw""sakayuv kemana""",,,,,,,
Ganta g nya apa?ğŸ˜­,,,,,,,
Ganta skin nya banyak bgtğŸ˜­,,,,,,,
"Dagu >>> All The Raid 2 Character (Ban The Assassin, Prakoso, Rama)",,,,,,,
yok bisa yok banyakin film gini jangan horor jawa mulu,,,,,,,
blind and deaf didn't stand a chanceğŸ™,,,,,,,
john wick ğŸ’€ğŸ’€ğŸ’€,,,,,,,
terlalu cantik untuk jadi villain,,,,,,,
the raid 2,,,,,,,
4th Number is very Dangerous ğŸ’€,,,,,,,
"the Raid 1, police man the Raid 2, assassins",,,,,,,
Best martial arts movie is IP Man,,,,,,,
name of characters the raid and raid 2 1st:hummer girl 2nd:Bat Boy 3rd:Dagu 4th:Rama 5th:MadDog,,,,,,,
yayan ruhiyan di the raid 2 di nerf,,,,,,,
"syg bgt berhenti di the raid joe taslim, padhal gua berharap hidup lebih lama character dia ampe the raid 2 duo sama iko uwais",,,,,,,
sayangnya di kalahkan oleh senjata mereka sendiri,,,,,,,
film action terbaik di Indonesia menurut gwğŸ’€ğŸ’€,,,,,,,
Equalizer â˜ ï¸,,,,,,,
The raid 2,,,,,,,
the raid redemptiom the raid berandal the night comes for us ada saran lagi gak yang actionnya selevel di atas?,,,,,,,
"yang paling bahaya itu sang maddog, bayangin dia tangan kosong aja jago apalagi pegang pisauğŸ’€ğŸ˜ˆ",,,,,,,
Punisher and Daredevil> All that,,,,,,,
my favourite full of action movie,,,,,,,
"Banyakin film kayak The Raid & Forxtrot Six, jangan film horror yang storynya mirip mirip",,,,,,,
film yang ga pernah ngebosenin walaupun dah gw tonton ulang-ulang ğŸ˜¹,,,,,,,
kang mus the raid,,,,,,,
"kapan indo bikin film kek gini lagi yağŸ˜…ğŸ˜…ğŸ˜…, horror santet mulu bosen",,,,,,,
name?,,,,,,,
Andi (the raid 1) VS sersan jaka (the raid 1) ???,,,,,,,
mad dog would wipe everybody in 1v1ğŸ”¥ğŸ”¥ğŸ”¥,,,,,,,
Film the raid from malaysia ğŸ¤­,,,,,,,
andai si rama memutuskan solo lawan mad dog di the raid 1ğŸ’€,,,,,,,
apa aja itu judul film nya min?,,,,,,,
the raid better than all Hollywood movies,,,,,,,
Underrated Film Raid 2 once you watch it ğŸ’€ we need Raid 3,,,,,,,
ninja assassin â˜ ï¸â˜ ï¸â˜ ï¸â˜ ï¸â˜ ï¸â˜ ï¸,,,,,,,
The last one is dangerous,,,,,,,
balikin bola nya,,,,,,,
gang yg melawan bassballman enak banget cuma KO doang(kecuali yg dibantai terakhir) sedangkan girl hammer sama assain ngebunuh gangnya,,,,,,,
seru co the raid semoga ada lagi,,,,,,,
the reyd 2 > all,,,,,,,
mad dog small but dangerous ğŸ’€,,,,,,,
the raid 2 is the best action movie ever,,,,,,,
cara dapetin RMC gmn,,,,,,,
MC si pembuka meta ğŸ”¥ğŸ‘ğŸ”¥,,,,,,,
"next klo ga eru ya hunt, siapa tau bawa mekanik baru kayak res pen type baru, dan tentu saja ditemani istri kesayangan",,,,,,,
lebih nunggu MC nihility soalnya sekarang MC selalu jadi pembuka gimmick baru kaya super break/true damage kali aja bisa ngangkat path nihility yang udah tenggelam,,,,,,,
"kemungkinan sih nanti mc dapet erudition yg job nya juga sebagai dps, karena mungkin kedepannya meta nya masih karakter aoe/blast dan sulit lebih laku dari feixiao kalo hunt",,,,,,,
cuman gaya mc harmony yang kece bjirt,,,,,,,
gak kebayang ferryman jadi char playable di hsrğŸ¤£ğŸ¤£ğŸ¤£,,,,,,,
"mentok2 paling jadi sub dps, kalo jadi dps nanti gak bisa jualan karakterğŸ˜†",,,,,,,
damage kan udah punya destruction patch awal,,,,,,,
klo MC Dapet Path Eru bisa jadi pinter ga?ğŸ—¿,,,,,,,
bukannya mc destruction itu udah kebilang dps ? (bertanya dengan nada dering),,,,,,,
mc harmony âœ‹ğŸ˜ŒğŸ¤š,,,,,,,
bro I want the template,,,,,,,
mc nihilityğŸ’€,,,,,,,
sedang menunggu mc path eouridionğŸ˜,,,,,,,
ntar kalo nerima path Eru gimana cara-Nya ya kan caelus itu agak duongo,,,,,,,
"nunggu mc dps ? lo blm tau dmg break MC Mikel Jackson , FF Rappa aja kalah break dmgğŸ—¿",,,,,,,
MC=Pembuka metağŸ˜œ,,,,,,,
mc yang berguna di antara game hoyo,,,,,,,
"mc full carry dr early, bkn char terlupakanğŸ¤£",,,,,,,
MC yang paling berguna diantara game hoyo,,,,,,,
"pencarianku ""utakata di buru ketua guild"" ketua guild ğŸ˜­",,,,,,,
sebenarnya yang kuat utakata orang sampe ketua Akatsuki turuntangan untuk nangkap utakata,,,,,,,
"Utakata : njir lawan anak magang, kalau gua langsung di datengin admin njirğŸ˜¹",,,,,,,
"Don't forget, Killer Bee stopped mid fight to write a rap verse of his ğŸ˜­ğŸ¤£",,,,,,,
Sasuke would definitely died in that episode without her teamğŸ’€ğŸ’€,,,,,,,
That damn taijutsu of killerbee ğŸ’€ğŸ”¥,,,,,,,
#NAME?,,,,,,,
"udah bawa heler, tank, sama suport tetep aja pulang sekaratğŸ˜‚",,,,,,,
Lagu ini melekat banget sama pertarungan sasuke vs killer bee ğŸ¥¶ğŸ¥¶,,,,,,,
bro ngelawak dgn make chidori ke ninja negeri petirğŸ—¿,,,,,,,
even the sharinggan can't stop him easily,,,,,,,
magang di Akatsuki malah langsung tes PowerğŸ¤£ğŸ¤£ hampir mati Wak ğŸ˜­ğŸ˜­,,,,,,,
pake fisik kalah pake pedang kalah pake genjutsu bee bebas adu power ke 4 nya pun masih belum nyamain power bee bahkan pengalaman bertarung aja masih unggul bee serba kalah dimana mana njirr,,,,,,,
killer bee vs sasuke â killer bee vs 4 âœ…,,,,,,,
"bro survived because of plot armour """,,,,,,,
si beban dpt kekuatan dikit sok ngelawan killer bee,,,,,,,
Sasuke gunain genjutsu ke Killerbee Hachibi: ada ada sajağŸ˜¹,,,,,,,
sasuke getting cooked by 8 tails and still has the guts to challenge the 9 tails,,,,,,,
zorro: i have 3 sword killerbee: really?,,,,,,,
plot armor toyib ngelebihin mc jir,,,,,,,
making a rap song in front of Sasuke was diabolical,,,,,,,
gada temennya mokad itu anak muda,,,,,,,
"disini sasuke di ayam ayamin bgtt sih, pdhl sasuke udh pake sharinggan yg notabene nya bisa baca pergerakan killer bee",,,,,,,
gunain elemen petir ke akamsi ğŸ—¿,,,,,,,
killer bee vs zoro is insane,,,,,,,
"jangankan bee, di gas utakata mode kesurupan rukobi aja udh modar Sasuke",,,,,,,
apa apaan 4 vs 1 dan yang ditangkap cuma tentakelnya hachibi ğŸ¤£ğŸ¤£ğŸ¤£,,,,,,,
dikasi buff dikit sung tes yg keras jirğŸ—¿,,,,,,,
kalo bener2 1vs1 saya rasa saskeh bisa matiğŸ—¿,,,,,,,
and OP fans think that zoro with his 3 swords is impressive. lmao,,,,,,,
"Jinchuriki terkuat dipegang oleh killer bee, Naruto, dan garaa",,,,,,,
tbh Sasuke can't win killer bee in 1vs1 and Naruto can't win pain in 1v1,,,,,,,
the fact that they're fighting a clone,,,,,,,
even with rasenggan itachi stands no chance against 4th Raikage,,,,,,,
ngendaliin pedang sebanyak itu tanpa Sharingan dengan tingkat sinkronisasi 100% bukan maen,,,,,,,
without team sasuke died long ago,,,,,,,
baru jd dpt buff malah ngajak by 1 killer bee njir ğŸ˜­,,,,,,,
fuck ur sharingan that's 8 swords bruh,,,,,,,
"Kelebihan killer bee: Ninja Element petir (ga mempan chidori sasuke), jinchuriki ekor 8 (ga mempan di genjutsu), pengalaman bertarung dari pds 3.",,,,,,,
sumpah sasuke kerasukan apa sih nantangin killer bee,,,,,,,
"rocky tuh hnya teori,tpi praktek kosong ğŸ¤£ğŸ¤£",,,,,,,
prestasi Rocky Gerung untuk negara ap?,,,,,,,
kali ini Roky gerung dpt musuh yg level nya jauh di atasnya KDM kerja nyata Roky gerung cuma omon omon saja,,,,,,,
si Rocky Gerung aja gapunya anak pake segala ngetik orang ngedidik anak,,,,,,,
yapping dengan milih kata kata yang ngga umum digunakan biar keliatan cerdas itulah Rocky gerung,,,,,,,
fungsi rocky gerung apa sih kaya yang paling iya aja dia,,,,,,,
"setuju dengan bung rocky, karakter itu melalui kesadaran pikiran bukan dipaksa dan dibentuk lwt badannya.",,,,,,,
Rocky Gerung sama kaya Anies cuma bisa omon omon doang,,,,,,,
Ga nerima kritik? situ otoriter apa gimana?,,,,,,,
"kenapa Rocky gerung ngga kawin kawin , Karena dia takut teori dibuku ngga sesuai kenyataan hidup.ğŸ˜„ğŸ˜„ğŸ˜„",,,,,,,
Rocky Gerung gak punya anak mana tahu rasanya jadi orang tua,,,,,,,
rocky gerung = eva manurung,,,,,,,
gerung debat 100% solusi 0%,,,,,,,
roky gerung cm bisa mengkritik sementara dianya blum bisa berbuat apa2 buat negara,,,,,,,
gua trauma ama cara mulyono ni sblum maju presidenâ€¦kdm hmpir sma,,,,,,,
"Aku memang suka Rocky gerung Tp di bandingkan dengan kdm, lebih suka kdm",,,,,,,
2 tipe manusia di dunia ini pertama jago bicara tapi ga bisa kerja kedua sedikit bicara dan jago kerja,,,,,,,
semoga roky gerung cepat dapat jodoh supaya gk mumet pikirannya.dan segera punya anak.,,,,,,,
"ternyata rocky gerung cuma bisa kritik, giliran ditanya apa yang lebih baik dia malah melempar nya lagi dan bilang ""itu bukan wewenang saya""",,,,,,,
kelazz bgt jawabnya,,,,,,,
"Rocky Gerung itu cuma bisa ngomong doang, ga ada tindakan nyata",,,,,,,
akhir prank bella ke dewi perssik full,,,,,,,
ternyata orang judes juga gak suka dijudesinğŸ˜­ğŸ˜­ğŸ˜­ğŸ˜­ğŸ˜­,,,,,,,
cuman bella yng berani lawan nona ambonğŸ™,,,,,,,
itu beneran berantem gasiiii???ğŸ˜­ğŸ˜­ğŸ˜­,,,,,,,
bella mewakili ğŸ˜­,,,,,,,
Nona Ambon VS Bella Medan,,,,,,,
Bella aura labraknya kuat bngtğŸ˜­,,,,,,,
dewi persik ga mau kalah anjjğŸ˜¹ğŸ˜¹ğŸ˜¹ğŸ˜¹ğŸ¤­ğŸ¤­,,,,,,,
"dengan santai nya dia bilang ""oh jelas""",,,,,,,
cuma Bella yg berani melawan nona ambon,,,,,,,
Dewi persik gak tau.. kalau sebenarnya Bella itu Nona Ambon.. ğŸ˜­ğŸ˜­ğŸ˜­,,,,,,,
bella berani banget lawan nona ambonğŸ˜­ğŸ™ğŸ»,,,,,,,
ko seru ya liat nyağŸ˜‡,,,,,,,
"aduhh kak bella kamu nggk sendiri ko,ada nona ambon nggk disini???",,,,,,,
"pantes aj berani ngelawan nona Ambon ,orang si Bella asal dari Medan",,,,,,,
kli ini gua dukung dewi persik sihğŸ˜†ğŸ˜­,,,,,,,
cuman bella yng berani lawan nona ambonğŸ™,,,,,,,
"""oh jelas"" OMG girl, aku suka nada bicara kamuuuğŸ˜˜",,,,,,,
ada nona Ambon gak di sini (dengan nada keras),,,,,,,
Dewi persik ga mau kalah anjjğŸ˜¹ğŸ˜¹ğŸ˜¹ğŸ˜¹ğŸ¤­ğŸ¤­,,,,,,,
Amanda manopoğŸ¥°,,,,,,,
amanda manopo sesuai ekspektasiiiğŸ˜­ğŸ˜­,,,,,,,
"tapi akting dia bagus loh, bisa ngimbangin amanda manopo di series paylater",,,,,,,
"tapi dia keren loh, dari viralnya dia itu dia bisa pertahanin sampe skrng malah sampe bisa maen film sama amanda monopo kea keren njer",,,,,,,
cuman nangis karna percintaan jadi viral anjir,,,,,,,
yg pertama ğŸ˜­ğŸ˜­,,,,,,,
eh fajar pas series sama amanda manopo lucuuu bngtğŸ˜­,,,,,,,
kalo soal body mah sih Amanda manopo,,,,,,,
fajar lucu tanpa ngejatohin orgğŸ¥°ğŸ¥°ğŸ¥°,,,,,,,
dia emg punya bakat jir,,,,,,,
"""gwenchana yeoo... ""ğŸ˜­",,,,,,,
yang pertama itu beneran di gampar? ğŸ—¿,,,,,,,
fajar udah melupakan kita sebelum dia viral ğŸ¥º,,,,,,,
dulu fajar sekarang puldengğŸ—¿,,,,,,,
fajar tu naturally funny cuiiğŸ˜­,,,,,,,
1 notif 1 menit belajar ğŸ—¿ğŸ™ğŸ¾,,,,,,,
gw tiap liat tampang amanda manopo suka ngkakğŸ˜‚ğŸ˜‚ğŸ˜­,,,,,,,
"""orang tua saya udah gak ada tinggal ayah sama ibu saya""ğŸ—¿",,,,,,,
yang pertama itu di tampar beneran?,,,,,,,
"""ikan hiu makan beruang""",,,,,,,
fajar lucu bgt sihğŸ˜­ğŸ˜­,,,,,,,
tiati bang di bahas ke twitter ngeri anjirğŸ˜­,,,,,,,
Sefakta ini nyampe x beda lagi ğŸ˜­ğŸ™ğŸ»,,,,,,,
satu kata : FAKTA!!!,,,,,,,
"jgn lupa ""kemenangan ini untuk pribumi""ğŸ˜‚",,,,,,,
"anis bukan teledor njir emng dia ngerencanaain ,dia munafik",,,,,,,
wkwkwkwwkwk woyyyy kenapa baru pada sadarrrr sihhhğŸ˜­ğŸ˜­ğŸ˜­ğŸ˜­,,,,,,,
"siapa nih yang pencapaian terbesarnya pemilih 01, ngakak bgt sih gw ğŸ˜­",,,,,,,
"pling lucu itu dulu suka bilang anti reklamasi, tapi tiba-tiba secara senyap surat utk reklamasi di acc. ğŸ¤£ğŸ¤£ğŸ¤£",,,,,,,
"Ya Allah, lindungi abang iniğŸ˜­",,,,,,,
minus satu lagi bang. politik agamanya jangan lupa ğŸ«¢,,,,,,,
"Kalo dibilang ""ZERO EXECUTION"", kok banyak Apresiasi & Penghargaan dari banyak Komunitas Internasional bahkan dari Pemimpin negara lain ???ğŸ¤”",,,,,,,
yg kaya gini mau di jadiin presiden ğŸ˜­ bentukan Indonesia nanti kek gimana ğŸ˜­,,,,,,,
amit amit klo annies yg kepilih Kemarin Indonesia bakal kayak Amerika sekarang. banyak kebijakan yang ngga jelas,,,,,,,
"awas bang diserbu para budak anies yg gak mau terima fakta seterang ini, mereka tuh maunya anies bagus terus gak ada jeleknya",,,,,,,
narasi sangat sangat iri dengan pak anies ğŸ˜…ğŸ˜‚ kalah pamor dengan pak anies ğŸ˜… trus ngarang ngarang cerita ğŸ˜…,,,,,,,
anis itu pintar teori doang tapi ga bisa mempraktekkan langsung,,,,,,,
"dia netral lo, gubenur hasil usungan kim plus aja dikritisi",,,,,,,
"Tiap ada isu dikit, pasti tu orang ikut-ikutanğŸ˜‚",,,,,,,
"paling lucu ""membangun jembatan"" padahal cuma modal ganti papan dan cat ulang di bilang membangun. ğŸ˜‚ğŸ˜‚ğŸ˜‚",,,,,,,
Anis tetap yg terbalik penuh dgn segudang prestaii,,,,,,,
ternak mulyono ga sadar sadar sadarğŸ¥ºğŸ¥ºğŸ¥º,,,,,,,
Ga Hina Anies ga makan ğŸ™,,,,,,,
emng paling enak jadi influence giring opini di aplikasi iniğŸ˜¹,,,,,,,
Smpe ad jurnalnya ğŸ¤£,,,,,,,
hny sj kalah modal. modal utk bayar buzzer..,,,,,,,
Tolong jelaskan juga bagaimana pendapatmu tentang deretan penghargaan bertaraf internasional atau nasionalis. Kenapa bisa didapatkan jika memang hanya zero dan eksekusinya kosong. Biar saya dapat pencerahanğŸ™,,,,,,,
"anis jd presiden HTI dan FPI akan merajalela di indonesia ini, punya kuasa penuh",,,,,,,
terlalu fakta tapi twitter ga suka,,,,,,,
dr. myeong versi politikus ğŸ˜­,,,,,,,
"Terkait Plumpang, IMB yang diberikan sifatnya kolektif dengan tujuan supaya dapat diberikan hak kepada warga untuk mendapatkan air bersih dengan biaya yang terjangkau, serta kesempatan-kesempatan lainnya. perihal sengketa tanah dengan Pertamina, tentu itu bukan tugas Pemda tetapi Pertamina gak sih?",,,,,,,
fakta fakta ğŸ¤£,,,,,,,
Saya yakin kalo ini video dibawa ke Twitter (X) bakal ... ğŸ—¿,,,,,,,
"wkwkwk iya in aja udah, sejak kapan ada manusia bagus 100% prabowo kah, jokowi kah, ganjar kah.",,,,,,,
Hebat bgt pak anies.. uda jadi rakyat biasa aja tetap di bahas org2 keren...ğŸ”¥ menyala abahku,,,,,,,
sengkuni anis,,,,,,,
"yang bilang ""untung aja dia ga jadi presiden kemaren"", emang sekarang presidennya bener? ğŸ¤ª",,,,,,,
makin PD 2029 abah nyalon bakal menangğŸ˜‡,,,,,,,
tetap aja Abah anies Baswedan adalah presiden sesungguhnya,,,,,,,
"makanya kemarin milih yg mendingan aja, prabowo gibran emang ga se sempurna itu tapi agak mendingan lah daripada dia",,,,,,,
kak dikit lagi vt lu di masukin di twitter dan siap siap bakal di serbuğŸ˜­,,,,,,,
"kalo presidennya anies, indonesia bakal jadi negara islam",,,,,,,
tetep semangat kanda ismail bachtiarğŸ”¥,,,,,,,
ngomong atas wakil rakyat tpi gk ada gunanya untuk rakyat,,,,,,,
emang ada anggota DPR yg terjun langsung jumpa rakyat?ğŸ˜‚,,,,,,,
Saya warga makassar bangga sama ismail bachtiarğŸ”¥,,,,,,,
Pemilu kedepannya nggak usah ada yg coblos kertas suara DPR,,,,,,,
perkara gak di undang di hotel mewah,,,,,,,
untuk apa bpk di undang tdk ada gunanya juga,,,,,,,
mata dan telinga untuk rakyat buktinya mana ada ğŸ˜„,,,,,,,
"maksd nya itu pengen eksis pak kalo ada peresmian, biar bisa kepilih lagi periode berikut, padahal mah ikutan kerja jg kagakğŸ¤£ğŸ¤£ğŸ¤£ğŸ¤£ğŸ¤£ğŸ¤£",,,,,,,
"ngomong mata telinga nya rakyat tapi, di saat rakyat membutuh kan di dengarkan oleh wakil rakyat aja, pura pura budekğŸ¤£",,,,,,,
Budi arie periksağŸ˜‚ğŸ˜‚ğŸ˜‚,,,,,,,
"ngewakilin siapa ğŸ¤£. anggota DPR mana yg masih turun kerakyat klu sdh dapat kursi, lucu anda ğŸ¤£",,,,,,,
pasti ada jasa besar dr seorang Budi Arie atas kemenangan Prabowo hingga isu judol tidak bisa Memberhentikan dia dr Mentri.. jasa apa kira kira.. ğŸ˜œğŸ¤£ğŸ˜‚,,,,,,,
"ğŸ¤£ğŸ¤£ğŸ¤£ğŸ¤£ğŸ¤£bawa bawa rakyat, apa harus di jawab .?",,,,,,,
preeet mata & telinga rakyat sama aj kalian klw sudah duduk disana cm memperkaya diri.ğŸ¤­ğŸ¤­ğŸ˜‡ğŸ˜‡ğŸ˜‡ğŸ˜‡,,,,,,,
Lucu ini DPR ğŸ˜‚,,,,,,,
"Koperasi yg Dibuat untuk Petani Agar BerHUTANGğŸ˜‚ Jaminan Sertifikat, kena Biaya Administrai, Notaris dll Plus BungağŸ¤£ ğŸ˜‚",,,,,,,
sibuk ngurusin perutnya sendiri ini,,,,,,,
rakyat mana yg kalian wakili malah klian diam klu rkyat zusah,,,,,,,
knp sih pejabat slalu mengatas nm kan atas nm rakyat,,,,,,,
"kalo mau ngomong atas nama rakyat, ya turun ke rakyat dong, jangan cuma ngomong doang",,,,,,,
beliau adalah anggota stin tapi sudah keluar memilih menjadi advokat,,,,,,,
lu cuma satpam koramil,,,,,,,
ğŸ˜‚ sekarang jadi tentara besok jadi apa lagi ini orang,,,,,,,
satpamğŸ—¿,,,,,,,
ternyata pernah jadi Satpam juga ya,,,,,,,
"baju satpam juga ada yg ijo kaya tni, mirip2 linmas atau hansip. tapi model pdh TNI",,,,,,,
Beliau Aslinya ANGKATAN !!!,,,,,,,
awas bang saya roy suryo di bilang foto palsuğŸ˜…ğŸ˜…,,,,,,,
dinas dmn bang,,,,,,,
IntelğŸ˜­,,,,,,,
Siap ... laporan komandan ğŸ˜ ğŸ™,,,,,,,
"mitra Koramil rata"" gayanya lebih dri militer ğŸ˜‚",,,,,,,
mohon maaf sebenarnya keluarga sudah tau keluar memilih untuk di rawat jalan aja Dlu ...ğŸ™ğŸ™ğŸ™,,,,,,,
byk yg tertawa. tapi yg punya foto lebih pintar.,,,,,,,
"poto yang pertama itu satpam,",,,,,,,
Mitra Koramil inimah,,,,,,,
beliau ini udah bintang ğŸŒŸğŸŒŸğŸŒŸğŸŒŸğŸŒŸ,,,,,,,
panglima TNI aja orang nomor 1 di TNI bintang 4 itu udah mentok tapi beliau mampu melampaui panglima TNI dengan bintang 5 nya anda luar biasa paman.,,,,,,,
mantap abangku,,,,,,,
sakit perutğŸ˜‚,,,,,,,
saya kira ini foto satpam,,,,,,,
"mau di bilang tentara-tentaraan jg, dia tentara beneran ğŸ¤£",,,,,,,
Lucu bgt presiden gueğŸ˜­ğŸ˜­ğŸ˜­,,,,,,,
ngikutin kata otak ini mahğŸ—¿,,,,,,,
"Ya Allah panjangkan umur beliau, lindungi beliau dari orang"" zolim dan jahat, sehatkan beliau dan jaga selalu beliau dimnapun,, Aamiin ğŸ¤²ğŸ»ğŸ¤²ğŸ»ğŸ¤²ğŸ»",,,,,,,
"bjirr, kirain emang dsruh ngikut ğŸ˜­",,,,,,,
bapak : gue juga bisa begini doangğŸ˜­ğŸ˜­ğŸ¤£ğŸ¤£ğŸ¤£,,,,,,,
pasti gabut tuh pak prabowo,,,,,,,
kalo ga ada reformasi mungkin prabowo menjabat sama kaya putin ğŸ˜‚,,,,,,,
luccuu amaaayy pliss jangan kurus duuluğŸ¥°,,,,,,,
tuhkan mirip bgt sm bobby ğŸ˜­ğŸ˜­,,,,,,,
pada fokus sama ijasah palsu jadi lupa nih sama makan siang gratis ğŸ˜,,,,,,,
jiwa prajuritnya muncul' sehat selalu pak presidenğŸ¥°,,,,,,,
malah ikutanğŸ˜­ğŸ¤ğŸ½,,,,,,,
heee pak kenapa ikutan jugaaa ğŸ˜«ğŸ˜«ğŸ˜«,,,,,,,
Mukanya pak wowo mirip bobbyğŸ˜­,,,,,,,
"Pak gua di hujat abis abisa karna milih prabowo di Aceh, tolong buktikan ke kita pak bagian 700.000 orang Aceh yang milih Prabowo, bahwa anda adalah presiden yanv kelak akan mrmbawa Indonesia menjadi lebih baikğŸ”¥",,,,,,,
Ya allah pak...tentara memang sperti itu sih bpakku aja biasa bgitu ğŸ¤­ğŸ¤­,,,,,,,
pas pak prabowo senyum ko jd mirip boby yaağŸ˜­ğŸ™ğŸ¼ğŸ™ğŸ¼ğŸ™ğŸ¼,,,,,,,
mungkin keinget zaman dulu kali ya bapak,,,,,,,
rakyat+62 liat tu presiden kitağŸ¥°,,,,,,,
"Pak Prabowo, sehat selalu ya pak, semoga bapak bisa membawa Indonesia lebih baik lagi kedepannya, Aamiin",,,,,,,
"ga bakal mungkin bisa, sinwoo dulu lawan Jihan/jibeom aja kalah",,,,,,,
mengisi? posisi kan udh di isi sama jichang. lagian kalo by one gua masih megang jichang,,,,,,,
Berat wak saingannya jichang,,,,,,,
Seru juga tu nanti dia di buru lj adu speed ia ğŸ˜,,,,,,,
"jichang high diff , HSW ga boleh diremehin",,,,,,,
ada alasan mengapa dia bisa mengisi kalian kira ptj sengaja doang letak narasi gitu smua narasi yg dibuat ptj smua ada alasan,,,,,,,
boleh minta link bacanya engga bang?,,,,,,,
sebenerny sinwo ini bisa jadi lawan yg cukup brt buat ji chang karen sinwo pny potensi yg bagus terbukti dari dia bisa menggunakan IA yang mana hnya sdkt org yg bisa. cuma kembali lagi ke narasinya ptjğŸ˜…,,,,,,,
"nahh, hsw sendiri udah aktif memimpin suatu kelompok saat era gen 1, harusnya dia udah masuk gen 1..dan diceritakan sejak dlu..jalanan big deal udah jadi rebutan banyak orang..dan hsw ngalahin mreka",,,,,,,
hsw kalau sekarang mungkin bisa lah ngasih perlawanan yang bagus ke jichang bahkan mungkin bisa ngingetin trauma masa lalu jichang yang disamsakin lj.,,,,,,,
ga bakalan bisa blom unlock ia ama crewnya beda jauh ama jichang,,,,,,,
at least bring someone like kwak sinwoo,,,,,,,
pfttt lawak sinnwo jaman itu masih kroco belum bisa IA ğŸ˜¹ğŸ˜¹,,,,,,,
"di jaman itu shinwo belum punya ia, dia juga di low diff junggo pakai sumpit. jadi mustahil buat nge geser/ngalahin ji chang, tapi kalau shinwo yang udah jadi raja pertarungan bawah tanah ilhae dan udah unlock ability IA gua yakin dia bisa",,,,,,,
kena axe kick completed lj langsung tepar yg ada,,,,,,,
"miss translate, aslinya itu big deal masuk ke generasi circle & han sinwo pernah bertemu raja seoul",,,,,,,
hsw sebelum join ilhae? jir disentil jichang,,,,,,,
jichang low diff max harusnya no diff tapi yaudalah,,,,,,,
"seandainya pun ga bakal bisa dapetin Seoul,dari Power aja udh keliatan jichang>hsw",,,,,,,
"jichang low diff hsw, jichang udah unlock ia sedangkan hsw belum",,,,,,,
"dia artis, dia gak suka yg kotor2 mandi aja pake air aqua anjirğŸ¤£",,,,,,,
"KOK BISA YA ,ADA YG MILIH JADI ANGGOTA DPR MODEL KAYA GINI ğŸ¤£ğŸ˜‚ğŸ¤£",,,,,,,
Varel di tunggu kolab nya sma pandawara seru kaya nya ğŸ˜Œ,,,,,,,
KDM dan Aisar keren bangat,,,,,,,
siapa milih DPR main cinta2 iniğŸ¤£ğŸ¤£ğŸ¤£..,,,,,,,
"kok gua geli ya dengernya ğŸ¤£ğŸ¤£ğŸ¤£ astaghfirullah, bukannya nyemangati rakyatnya malah miss u Miss u anğŸ¤£ğŸ¤£ğŸ¤£ğŸ™ğŸ™ğŸ™ada lagi ajağŸ˜‘",,,,,,,
Dpr bisa diberhentikan/dipecat ga si?,,,,,,,
"mana bisa dia,, mandi aja pake air aqua ğŸ˜‚ğŸ‘",,,,,,,
Tolong gak usah hubungkan Aisar sama Anggota Dewan kak.. Udah bedaa.. Satu digaji rakyat satu modal sendiri. Satu disetir partai satu ga ada yg setir jalan sendiri.. Udah beda kak..,,,,,,,
pacaran aja dikawal ajudan main playgroundğŸ˜…,,,,,,,
Siapa sihh yang pilih si varel jadi dewannn bisa bisa nya ğŸ˜«,,,,,,,
"dikritik ntar dikira Fans AisğŸ¤­ pdhal dia udah terjun ke dunia politik pastinya dikritik semua kalangan , jgn dikitÂ² dikatain adulğŸ™ˆ",,,,,,,
hhh kenapa harus vidio yang ini yang di ambil. kan vidio verel juga banyak yang sedang di lapangan bersama masyarakat ini lah kalo mau menjatuhkan 0rang di cari sisi burukğŸ˜‚ğŸ˜‚ğŸ˜‚,,,,,,,
kerja DPR mengkritik bukan kerja langsungğŸ˜‚ğŸ˜ğŸ˜,,,,,,,
dia mau turun lapangan klo ada undangan jd dia tnggu di undang bru turun kelapanganğŸ¤£ğŸ¤£ğŸ¤£ğŸ¤£,,,,,,,
dia itu anak mami gak bisa kotor2,,,,,,,
"jangan percaya omongan pejabat ato apapun itu, instansi negara yang penampilannya mewah rapih,mereka gak bakal mikirin rakyat",,,,,,,
"kemana mana pake bodyguard berapa kaya ceo ceo gtu yeeee, lawakğŸ˜…ğŸ˜…",,,,,,,
turun joging doang dan percintaan di urusin nya ğŸ˜,,,,,,,
gubernur koq bandingkan sama anggota DPR...yg dibandingkan cuma verel lagi...emang anggota DPR cuma verel...orang ngak suka ada aja...,,,,,,,
"DPR itu kerjaannya cuma ngomong doang, gak ada kerja nyata nya",,,,,,,
nenek anjğŸ˜­,,,,,,,
POV:gen z KLO Uda jdi nenekğŸ—¿,,,,,,,
bjir ngambek,,,,,,,
gadis vintage,,,,,,,
neneknya emm majokk,,,,,,,
Mak Eros sama Juni ternyata udah dari dulu syuting barengğŸ˜­ğŸ˜­,,,,,,,
melebihi mulut anak gadisÂ²ğŸ—¿,,,,,,,
Ngpa duaâ€nya ddepanğŸ˜­,,,,,,,
nenek jangan gitu ih maluğŸ˜­,,,,,,,
ketika 2 besti gen z udh tua,,,,,,,
dramatis amat anjj ğŸ˜­ğŸ˜­ğŸ˜­,,,,,,,
au ah ngambekkkkğŸ˜­,,,,,,,
woii nenekÂ² masih bisa ngambek?,,,,,,,
neneknya masih ada gasih?,,,,,,,
"vibes nya berasa bangetğŸ˜‚, bangun jam 3 nonton iniğŸ¥º",,,,,,,
Hemh majuk,,,,,,,
pov:2nenek ini ketika bermain di dunia terbalik,,,,,,,
gua dulu kesel bgt sama nene nene ini setiap nonton film pptğŸ˜­,,,,,,,
tag besty kalian ğŸ‘‡ğŸ˜­ğŸ˜¹,,,,,,,
tolong tolonggggggg tolongggggggggggggggğŸ˜­ğŸ˜­ nenek anj,,,,,,,
neneknya masih ada gasih?,,,,,,,
AHY dikasih ruang dan pangung oleh Pak Prabowo untuk lebih eksis..yang pastinya untuk kelanjutan kepemimpinan di Indonesia.. Mantap.,,,,,,,
calon gubernur saja gagal cm brp persen. skrg malah jdi menteri,,,,,,,
calon president masa depan ğŸ‡®ğŸ‡©ğŸ”¥ğŸ”¥ğŸ”¥ğŸ‘ğŸ‘,,,,,,,
asli klo presiden AHY pantas banget. wibawa banget ğŸ™,,,,,,,
Dedi mulyadi ahy atau ahy Dedi mulyadi insyaallah mantap ğŸ¥°ğŸ¥°ğŸ¥°,,,,,,,
AHY & KDM ğŸ”¥ğŸ’™ ada Lawan???,,,,,,,
2029 AHY for Indonesia ğŸ’™ğŸ”¥ğŸ«¡,,,,,,,
Ahy berwibawa ..saya mau gabung k partainya tp blm tahu caranya...,,,,,,,
Allahu mas agusss pesonanya gagah bettt,,,,,,,
mata saya jeli dan teliti ğŸ¥°ğŸ¥°ğŸ¥°.. agar nanti 2029 saya tidak salah dalam memilih pemimpin dan dari partai mana saja ... mas AHY kerja untuk rakyat,,,,,,,
insyaallah... Pak AHY Presiden kita yg berikutnya 2034,,,,,,,
calon presiden indo 2029 menurut gw yg cocok menko ahy menlu sugiono gubernur jabar dedi mulyadi,,,,,,,
2029 cocok di sandingkan dg KDM,,,,,,,
"Belio sudah di persiapkan untuk menjadi pemimpin negara ini,sehat selalu pak AHY calon presiden republik indonesia",,,,,,,
kepercayaan luar.biasa dari presiden prabowo dan sbg orang lama di protokol saya melihat ini sinyal sinyal positif,,,,,,,
AHY Presiden RI 2029ğŸ’™ğŸ’™ğŸ’™ğŸ’™ğŸ’™,,,,,,,
ahy harus JD president the next,,,,,,,
the next presiden Indonesia ğŸ™,,,,,,,
"bergabung kabinet merah putih tentunya kando kito Papiku maaf sebelumnya senang lihatnya Bapak Dr. H. Agus Harimurti Yudhoyono, M.Sc., M.P.A., M.A.",,,,,,,
bulan 8 sdh jadi wapres mae ahy..merdeka,,,,,,,
Pak Prabowo sudah mempersiapkan AHY untuk menjadi Presiden Republik Indonesia 2029,,,,,,,
ekspresinya kayak nantangin balapğŸ˜‚,,,,,,,
EMG agak Laen nih gubernur Sumsel ga ada gebrakan nya cumn diem di tempat,,,,,,,
Pura pura test drive aselinya otw nganter ke barakğŸ˜¹,,,,,,,
saya orang sumsel ..mengakui..wkwkw gubernur kami paling hedon... kunjungan ke daerah2 naek hely terus..mana tau jalan provinsi rusak..hahhaa,,,,,,,
yg dibonceng gelisah bgt kelihatannya ğŸ¤£,,,,,,,
kang dedi mulyadi core ğŸ˜,,,,,,,
KDRT(Kang Dedi Racing Team)ğŸ”¥,,,,,,,
sewa helikopternya pake pajak negarağŸ˜¹,,,,,,,
"KDM ""KING DEDI MULYADI""ğŸ”¥",,,,,,,
"gubernur Sumsel bener bener afk njir, palembang gak ada perubahan hahh",,,,,,,
Satu KDM ajah bikin ketar/ketir oknum pejabat apa lgh ada 10,,,,,,,
KDM (king drag mulyadi) ğŸ—¿,,,,,,,
"masih mending itu, Gubernur gw malah riview durian",,,,,,,
king drag Mulyadi â˜ ï¸,,,,,,,
"perbedaan jauh banget, yg atas mengikuti aturan, yg bawah ga mengikuti aturan",,,,,,,
Ayok kawan-kawan kita naikan bapak kita satu ini jadi Capres dan kita menangkan salken LombokğŸ”¥ğŸ”¥ğŸ”¥,,,,,,,
bjirt kang dedi mulyadiğŸ’€,,,,,,,
SINGKATAN DARI KDM APA ANAK ANAK KANG DEDI MULYADIâ KING DRAG MULYADI âœ…,,,,,,,
mulyadi: p info balap,,,,,,,
king drag Mulyadi alias KDMğŸ—¿,,,,,,,
"kdm, king drag Mulyadi ğŸ˜ˆ",,,,,,,
y di bawah jelmaan Mulyono...sama persis pencitraannya,,,,,,,
"pura"" test motor pdhl mau dibawa ke barakâœ‹ğŸ¿ğŸ˜‚ğŸ¤šğŸ¿",,,,,,,
"kalo kata maha guru besar yg mulia rocky gerung, kdm cuma jual visualisasi dan merupakan mulyono jilid 2. tapi heran nya dia gak pernah ngomentarin gubernur lain yg nyeleneh",,,,,,,
"gw yg warga Sumsel aja heran bgt dia menang 2 periode, pdhl Sumsel hampir gelap gulita dibawah pimpinan diağŸ—¿",,,,,,,
ekspresinya kayak ngajak balap giliran diladenin malah dibawa ke barakğŸ”¥,,,,,,,
"lebih ngeri lagi gubernur gua,malah g ada d tempat...",,,,,,,
serius nanya emang boleh bawa motor GK pake helm ?,,,,,,,
"yg bawah pencitraan, nah yg atas ini beneran pejabat",,,,,,,
mending kinerja pak ridwan kamilğŸ™,,,,,,,
KDM (King Drag Mulyadi) ğŸ˜,,,,,,,
"ya karna di sumsel jalannya pada rusak, yakali naik mobil berasa naik kuda wkwk",,,,,,,
Saya orang Tapanuli Utara. Saya katakan saat ini hanya beliau satu satunya Gubernur yang benar benar bekerja untuk bangsa dan negara. Beliau adalah Gubernur Aing. sehat selalu pak Dedi. Indonesia membutuhkanmu. Next Presiden,,,,,,,
kawal kang dedi sampai mencalonkan wapres ğŸ”¥,,,,,,,
Walaupun gitu tapi Sumsel lebih maju dripda Jabar ğŸ˜,,,,,,,
yang di bonceng motor kaya takut gitu mukanya,,,,,,,
mana polisi nih kok gak pake helm gak di tilang ğŸ˜‚,,,,,,,
"kang dedi ajak gubernur sumsel ke barak aja, soalnya dia gatau klo jalan daerah sumsel rusak parah karna ke seringan naik helikopter ğŸ˜©ğŸ™ğŸ»",,,,,,,
ya karna jalannya rusak makanya naik heli ğŸ”¥,,,,,,,
Jawa gacor ğŸ˜‚,,,,,,,
kalo di sumsel mah naik motor ga pake helm udah biasa,,,,,,,
"Kesenjangan karirğŸ™ğŸ™ğŸ˜­ yg 1 acara penting, dia yg penting acara ğŸ™",,,,,,,
yakup hasibuan mirip si rob clinton ğŸ˜…,,,,,,,
kesenjangan acarağŸ˜­,,,,,,,
"yang satu di kerumunin media, yang ini nyamperin media ğŸ—¿",,,,,,,
sayang bngt jd kuasa hukum jokowi perkara hal sepele wkwk. Semoga abang2 ini bisa menjaga integritas kejujurannya,,,,,,,
"yang satu real ""mode pengacara"", yg satu ""mode PENGangguran bAnyak aCARA"" karna di undang sana sini ğŸ˜­ğŸ¤£",,,,,,,
bang bagusnya kuliah di ui atau ugm yak?ğŸ˜ğŸ˜ğŸ˜,,,,,,,
"reaksiku pas nonton berita ""lah itu pengacaranya.. yallah siapa namanya pokoknya temennya si pasming based deh""",,,,,,,
bang dulu hukum kosentrasi apa,,,,,,,
Terlalu sama mas kantor polisinya ğŸ™ğŸ˜†,,,,,,,
gue lebih kaget dia kakanya artisss cilik kaget bgt.. trs tambah kaget dia kuliah di LN + pengacara njir kaget comboooo ğŸ¤£ğŸ¤£ğŸ¤£,,,,,,,
"Yang satu jadi incaran media, yang satunya lagi malah yang ngincar mediağŸ˜‚ğŸ˜‚",,,,,,,
Aura badboy nya kuat banget kingğŸ¥¹ğŸ™ğŸ»,,,,,,,
"yng satu kk nya artis, yang satunya suaminya artisğŸ˜‚",,,,,,,
takut banget bang yakup diracunin tiktok sama mas pasming ğŸ˜­,,,,,,,
Kayanya pasming based sayang banget sama bestinya itu yağŸ˜­ğŸ¤£ğŸ¤£,,,,,,,
mank muat masuk tipi b2 ğŸ¤”ğŸ¤”ğŸ¤”,,,,,,,
sama sama di kantor polisi ğŸ˜,,,,,,,
pertamaaa,,,,,,,
bedanya yang satu masuk tv karna pengajara yang satu jdi tamu komedian,,,,,,,
yg satu serius hukum yang satu serius gemeshğŸ¥°,,,,,,,
buset bang updetnya dini hariğŸ˜­,,,,,,,
dia kuasa hukum jokowi saya kuasa hukum mantan gubernur kamu jadi kuasa hukum siapa?,,,,,,,
tp beda di genre ya bang,,,,,,,
Matap bang hebat nyoh,,,,,,,
lah gua malah mikir ko bisa pasming temenan sama pengacara jokowiğŸ˜‚,,,,,,,
samaÂ² melapor,,,,,,,
plissss ngakakk bngtt tolong,,,,,,,
keren ih #pasmingprend ğŸ˜‚,,,,,,,
bang tips jadi keren seperti abang gimana caranya?,,,,,,,
kak ngakak,,,,,,,
Bahahhahahhahhaa,,,,,,,
bang masuk tv lewat jalan mana?,,,,,,,
haha,,,,,,,
ril kesenjanganğŸ™ğŸ»,,,,,,,
yg satu mode serius....yg satu mode cengar cemgirrrğŸ˜‚ğŸ˜‚ğŸ˜‚ğŸ˜‚ tp sama ganteng kokğŸ¥°ğŸ¥°ğŸ¥°,,,,,,,
editan nya keren,,,,,,,
ok king,,,,,,,
Pokonya ngak sama lah ğŸ˜†ğŸ”¥,,,,,,,
keren bgt ketua kita gesssğŸ˜­,,,,,,,
"kakak nya artis, dia nya pengacara",,,,,,,
